<?xml version="1.0" encoding="UTF-8"?>
<metadata xml:lang="th"><Esri><CreaDate>20240405</CreaDate><CreaTime>14154100</CreaTime><ArcGISFormat>1.0</ArcGISFormat><SyncOnce>TRUE</SyncOnce><DataProperties><lineage><Process ToolSource="c:\program files (x86)\arcgis\desktop10.8\ArcToolbox\Toolboxes\Data Management Tools.tbx\CalculateField" Date="20240402" Time="171749">CalculateField fl66_ne_adm adm [TAM_NAM_T] VB #</Process><Process ToolSource="c:\program files (x86)\arcgis\desktop10.8\ArcToolbox\Toolboxes\Data Management Tools.tbx\CalculateField" Date="20240402" Time="171914">CalculateField fl66_ne_adm tam_nam_t [adm] VB #</Process><Process ToolSource="c:\program files (x86)\arcgis\desktop10.8\ArcToolbox\Toolboxes\Data Management Tools.tbx\CalculateField" Date="20240402" Time="172028">CalculateField fl66_ne_adm amp [AMPHOE_T] VB #</Process><Process ToolSource="c:\program files (x86)\arcgis\desktop10.8\ArcToolbox\Toolboxes\Data Management Tools.tbx\CalculateField" Date="20240402" Time="172237">CalculateField fl66_ne_adm amphoe_t [amp] VB #</Process><Process ToolSource="c:\program files (x86)\arcgis\desktop10.8\ArcToolbox\Toolboxes\Data Management Tools.tbx\CalculateField" Date="20240402" Time="174812">CalculateField fl66_ne_adm prv [PROV_NAM_T] VB #</Process><Process ToolSource="c:\program files (x86)\arcgis\desktop10.8\ArcToolbox\Toolboxes\Data Management Tools.tbx\CalculateField" Date="20240402" Time="175218">CalculateField fl66_ne_adm prov_nam_t [prv] VB #</Process><Process ToolSource="c:\program files (x86)\arcgis\desktop10.8\ArcToolbox\Toolboxes\Data Management Tools.tbx\CalculateField" Date="20240402" Time="175520">CalculateField fl66_ne_adm cl [FL_CLASS] VB #</Process><Process ToolSource="c:\program files (x86)\arcgis\desktop10.8\ArcToolbox\Toolboxes\Data Management Tools.tbx\CalculateField" Date="20240402" Time="175606">CalculateField fl66_ne_adm class [cl] VB #</Process><Process ToolSource="c:\program files (x86)\arcgis\desktop10.8\ArcToolbox\Toolboxes\Data Management Tools.tbx\CalculateField" Date="20240402" Time="180019">CalculateField fl66_ne_adm des [DES_FL] VB #</Process><Process ToolSource="c:\program files (x86)\arcgis\desktop10.8\ArcToolbox\Toolboxes\Data Management Tools.tbx\CalculateField" Date="20240402" Time="180150">CalculateField fl66_ne_adm fl_desth [des] VB #</Process><Process ToolSource="c:\program files (x86)\arcgis\desktop10.8\ArcToolbox\Toolboxes\Data Management Tools.tbx\DefineProjection" Date="20240402" Time="181955">DefineProjection fl66_ne_adm PROJCS['WGS_1984_UTM_Zone_47N',GEOGCS['GCS_WGS_1984',DATUM['D_WGS_1984',SPHEROID['WGS_1984',6378137.0,298.257223563]],PRIMEM['Greenwich',0.0],UNIT['Degree',0.0174532925199433]],PROJECTION['Transverse_Mercator'],PARAMETER['False_Easting',500000.0],PARAMETER['False_Northing',0.0],PARAMETER['Central_Meridian',99.0],PARAMETER['Scale_Factor',0.9996],PARAMETER['Latitude_Of_Origin',0.0],UNIT['Meter',1.0]]</Process><Process ToolSource="c:\program files (x86)\arcgis\desktop10.8\ArcToolbox\Toolboxes\Data Management Tools.tbx\CalculateField" Date="20240404" Time="110012">CalculateField fl66_ne_adm adm [tam_nam_t] VB #</Process></lineage></DataProperties></Esri></metadata>
